record_id,year,province_code,province,medical_health_institutions,hospitals,primary_healthcare_institutions,specialized_public_health_institutions,medical_health_beds,hospital_beds,primary_healthcare_beds,health_technicians,licensed_assistant_physicians,registered_nurses,permanent_population,beds_per_1000_people,physicians_per_1000_people,nurses_per_1000_people,institutions_per_10000_people,hospital_beds_share,primary_institution_share,source,update_date
CN-110000-2014,2014,110000,北京市,9638,608,8802,117,109800,102900,4500,213200,79900,88500,21710000,5.0576,3.6803,4.0765,4.4394,0.9372,0.9133,https://data.stats.gov.cn/dg/website/page.html#/pc/national/fsYearData,2026-07-12
CN-110000-2015,2015,110000,北京市,9771,631,8912,113,111600,104600,4400,225400,85200,94600,21880000,5.1005,3.894,4.3236,4.4657,0.9373,0.9121,https://data.stats.gov.cn/dg/website/page.html#/pc/national/fsYearData,2026-07-12
CN-110000-2016,2016,110000,北京市,9773,638,8908,112,117000,110100,4400,234000,89400,98100,21950000,5.3303,4.0729,4.4692,4.4524,0.941,0.9115,https://data.stats.gov.cn/dg/website/page.html#/pc/national/fsYearData,2026-07-12
CN-110000-2017,2017,110000,北京市,9976,656,9090,110,120600,113700,4400,246000,94400,103500,21940000,5.4968,4.3026,4.7174,4.5469,0.9428,0.9112,https://data.stats.gov.cn/dg/website/page.html#/pc/national/fsYearData,2026-07-12
CN-110000-2018,2018,110000,北京市,10058,648,9172,110,123600,116400,4800,255900,99800,107400,21920000,5.6387,4.5529,4.8996,4.5885,0.9417,0.9119,https://data.stats.gov.cn/dg/website/page.html#/pc/national/fsYearData,2026-07-12
CN-110000-2019,2019,110000,北京市,10336,664,9416,108,127800,120200,4900,271200,105900,114900,21900000,5.8356,4.8356,5.2466,4.7196,0.9405,0.911,https://data.stats.gov.cn/dg/website/page.html#/pc/national/fsYearData,2026-07-12
CN-110000-2020,2020,110000,北京市,10599,651,9675,105,127000,119200,5100,276100,107700,117900,21890000,5.8017,4.9201,5.386,4.8419,0.9386,0.9128,https://data.stats.gov.cn/dg/website/page.html#/pc/national/fsYearData,2026-07-12
CN-110000-2021,2021,110000,北京市,10699,644,9777,101,130300,122300,5200,289000,112500,124100,21890000,5.9525,5.1393,5.6693,4.8876,0.9386,0.9138,https://data.stats.gov.cn/dg/website/page.html#/pc/national/fsYearData,2026-07-12
CN-110000-2022,2022,110000,北京市,10897,662,9915,98,133900,126300,5200,295500,114800,126100,21840000,6.131,5.2564,5.7738,4.9895,0.9432,0.9099,https://data.stats.gov.cn/dg/website/page.html#/pc/national/fsYearData,2026-07-12
CN-110000-2023,2023,110000,北京市,11487,682,10505,93,138800,130800,5500,312800,121600,134600,21860000,6.3495,5.5627,6.1574,5.2548,0.9424,0.9145,https://data.stats.gov.cn/dg/website/page.html#/pc/national/fsYearData,2026-07-12
CN-120000-2014,2014,120000,天津市,4990,373,4419,145,60900,52400,7100,84900,33300,31600,14290000,4.2617,2.3303,2.2113,3.492,0.8604,0.8856,https://data.stats.gov.cn/dg/website/page.html#/pc/national/fsYearData,2026-07-12
CN-120000-2015,2015,120000,天津市,5223,402,4618,151,63700,55600,7000,90700,35900,33800,14390000,4.4267,2.4948,2.3489,3.6296,0.8728,0.8842,https://data.stats.gov.cn/dg/website/page.html#/pc/national/fsYearData,2026-07-12
CN-120000-2016,2016,120000,天津市,5443,421,4844,126,65800,57600,7100,95000,37800,36100,14430000,4.5599,2.6195,2.5017,3.772,0.8754,0.89,https://data.stats.gov.cn/dg/website/page.html#/pc/national/fsYearData,2026-07-12
CN-120000-2017,2017,120000,天津市,5539,426,4960,97,68400,60200,7300,101000,41100,38200,14100000,4.8511,2.9149,2.7092,3.9284,0.8801,0.8955,https://data.stats.gov.cn/dg/website/page.html#/pc/national/fsYearData,2026-07-12
CN-120000-2018,2018,120000,天津市,5686,420,5101,96,68200,60300,7000,104600,43100,39400,13830000,4.9313,3.1164,2.8489,4.1114,0.8842,0.8971,https://data.stats.gov.cn/dg/website/page.html#/pc/national/fsYearData,2026-07-12
CN-120000-2019,2019,120000,天津市,5962,441,5348,95,68300,61000,6400,109800,46400,41400,13850000,4.9314,3.3502,2.9892,4.3047,0.8931,0.897,https://data.stats.gov.cn/dg/website/page.html#/pc/national/fsYearData,2026-07-12
CN-120000-2020,2020,120000,天津市,5838,424,5258,87,68300,61500,6000,114000,49200,42700,13870000,4.9243,3.5472,3.0786,4.2091,0.9004,0.9007,https://data.stats.gov.cn/dg/website/page.html#/pc/national/fsYearData,2026-07-12
CN-120000-2021,2021,120000,天津市,6076,432,5489,73,68700,62200,5900,121700,51800,46800,13730000,5.0036,3.7728,3.4086,4.4253,0.9054,0.9034,https://data.stats.gov.cn/dg/website/page.html#/pc/national/fsYearData,2026-07-12
CN-120000-2022,2022,120000,天津市,6282,435,5686,73,68500,62200,5800,124400,52600,48300,13630000,5.0257,3.8591,3.5437,4.609,0.908,0.9051,https://data.stats.gov.cn/dg/website/page.html#/pc/national/fsYearData,2026-07-12
CN-120000-2023,2023,120000,天津市,6799,458,6184,72,72500,66700,5300,133700,56500,52100,13640000,5.3152,4.1422,3.8196,4.9846,0.92,0.9095,https://data.stats.gov.cn/dg/website/page.html#/pc/national/fsYearData,2026-07-12
CN-130000-2014,2014,130000,河北省,78895,1341,75623,1657,322900,236900,73100,351500,157700,121800,73230000,4.4094,2.1535,1.6633,10.7736,0.7337,0.9585,https://data.stats.gov.cn/dg/website/page.html#/pc/national/fsYearData,2026-07-12
CN-130000-2015,2015,130000,河北省,78594,1543,75562,1264,342100,253800,75000,372700,166900,132800,73450000,4.6576,2.2723,1.808,10.7003,0.7419,0.9614,https://data.stats.gov.cn/dg/website/page.html#/pc/national/fsYearData,2026-07-12
CN-130000-2016,2016,130000,河北省,78795,1618,76003,1089,360500,270800,76900,393100,177100,143400,73750000,4.8881,2.4014,1.9444,10.6841,0.7512,0.9646,https://data.stats.gov.cn/dg/website/page.html#/pc/national/fsYearData,2026-07-12
CN-130000-2017,2017,130000,河北省,80912,1846,78207,801,395000,299500,81600,425200,191900,158400,74090000,5.3314,2.5901,2.1379,10.9208,0.7582,0.9666,https://data.stats.gov.cn/dg/website/page.html#/pc/national/fsYearData,2026-07-12
CN-130000-2018,2018,130000,河北省,85088,2108,82236,684,421900,320700,86600,461100,211400,172900,74260000,5.6814,2.8468,2.3283,11.4581,0.7601,0.9665,https://data.stats.gov.cn/dg/website/page.html#/pc/national/fsYearData,2026-07-12
CN-130000-2019,2019,130000,河北省,84651,2120,81790,662,430100,328600,86400,490100,228600,185000,74470000,5.7755,3.0697,2.4842,11.3671,0.764,0.9662,https://data.stats.gov.cn/dg/website/page.html#/pc/national/fsYearData,2026-07-12
CN-130000-2020,2020,130000,河北省,86939,2244,83972,641,442000,348000,79000,519600,239700,201400,74640000,5.9218,3.2114,2.6983,11.6478,0.7873,0.9659,https://data.stats.gov.cn/dg/website/page.html#/pc/national/fsYearData,2026-07-12
CN-130000-2021,2021,130000,河北省,88162,2395,85029,644,455000,360200,79700,559400,254200,225000,74480000,6.109,3.413,3.0209,11.837,0.7916,0.9645,https://data.stats.gov.cn/dg/website/page.html#/pc/national/fsYearData,2026-07-12
CN-130000-2022,2022,130000,河北省,90194,2423,87019,638,485700,382600,87300,583400,262300,238200,74200000,6.5458,3.535,3.2102,12.1555,0.7877,0.9648,https://data.stats.gov.cn/dg/website/page.html#/pc/national/fsYearData,2026-07-12
CN-130000-2023,2023,130000,河北省,92825,2487,89576,633,534000,414900,101100,644900,289800,269700,73930000,7.223,3.9199,3.648,12.5558,0.777,0.965,https://data.stats.gov.cn/dg/website/page.html#/pc/national/fsYearData,2026-07-12
CN-140000-2014,2014,140000,山西省,40777,1234,39010,463,177400,134000,38100,209500,89800,79100,35280000,5.0283,2.5454,2.2421,11.5581,0.7554,0.9567,https://data.stats.gov.cn/dg/website/page.html#/pc/national/fsYearData,2026-07-12
CN-140000-2015,2015,140000,山西省,41002,1274,39196,460,183200,140300,37600,214000,90200,83300,35190000,5.206,2.5632,2.3671,11.6516,0.7658,0.956,https://data.stats.gov.cn/dg/website/page.html#/pc/national/fsYearData,2026-07-12
CN-140000-2016,2016,140000,山西省,42204,1393,40288,455,189700,147000,37000,225900,91700,92100,35140000,5.3984,2.6096,2.6209,12.0102,0.7749,0.9546,https://data.stats.gov.cn/dg/website/page.html#/pc/national/fsYearData,2026-07-12
CN-140000-2017,2017,140000,山西省,42490,1388,40581,455,197500,154200,38500,233300,94300,96800,35100000,5.6268,2.6866,2.7578,12.1054,0.7808,0.9551,https://data.stats.gov.cn/dg/website/page.html#/pc/national/fsYearData,2026-07-12
CN-140000-2018,2018,140000,山西省,42079,1368,40198,449,208300,163600,38900,246400,99500,103900,35020000,5.948,2.8412,2.9669,12.0157,0.7854,0.9553,https://data.stats.gov.cn/dg/website/page.html#/pc/national/fsYearData,2026-07-12
CN-140000-2019,2019,140000,山西省,42162,1405,40249,445,218400,175000,38700,257900,105700,109000,34970000,6.2454,3.0226,3.117,12.0566,0.8013,0.9546,https://data.stats.gov.cn/dg/website/page.html#/pc/national/fsYearData,2026-07-12
CN-140000-2020,2020,140000,山西省,41140,1420,39224,440,223700,181300,37400,268400,108800,116300,34900000,6.4097,3.1175,3.3324,11.788,0.8105,0.9534,https://data.stats.gov.cn/dg/website/page.html#/pc/national/fsYearData,2026-07-12
CN-140000-2021,2021,140000,山西省,41007,1427,39101,431,228900,186100,37700,281500,113400,124300,34800000,6.5776,3.2586,3.5718,11.7836,0.813,0.9535,https://data.stats.gov.cn/dg/website/page.html#/pc/national/fsYearData,2026-07-12
CN-140000-2022,2022,140000,山西省,39661,1376,37816,422,228400,186200,37100,283900,113400,126200,34810000,6.5613,3.2577,3.6254,11.3936,0.8152,0.9535,https://data.stats.gov.cn/dg/website/page.html#/pc/national/fsYearData,2026-07-12
CN-140000-2023,2023,140000,山西省,37849,1383,35984,428,232300,190400,37300,298200,118400,132700,34660000,6.7023,3.416,3.8286,10.9201,0.8196,0.9507,https://data.stats.gov.cn/dg/website/page.html#/pc/national/fsYearData,2026-07-12
CN-150000-2014,2014,150000,内蒙古自治区,23426,639,22053,660,129000,99000,25500,154500,62200,56700,24490000,5.2675,2.5398,2.3152,9.5655,0.7674,0.9414,https://data.stats.gov.cn/dg/website/page.html#/pc/national/fsYearData,2026-07-12
CN-150000-2015,2015,150000,内蒙古自治区,23886,702,22421,664,133900,105200,24000,162300,64200,61200,24400000,5.4877,2.6311,2.5082,9.7893,0.7857,0.9387,https://data.stats.gov.cn/dg/website/page.html#/pc/national/fsYearData,2026-07-12
CN-150000-2016,2016,150000,内蒙古自治区,24002,720,22606,600,139200,109700,24800,170400,66400,66400,24360000,5.7143,2.7258,2.7258,9.853,0.7881,0.9418,https://data.stats.gov.cn/dg/website/page.html#/pc/national/fsYearData,2026-07-12
CN-150000-2017,2017,150000,内蒙古自治区,24218,775,22868,508,150300,118700,26800,180400,70300,71900,24330000,6.1776,2.8894,2.9552,9.954,0.7898,0.9443,https://data.stats.gov.cn/dg/website/page.html#/pc/national/fsYearData,2026-07-12
CN-150000-2018,2018,150000,内蒙古自治区,24610,818,23235,488,159000,126400,27800,188200,73600,76400,24220000,6.5648,3.0388,3.1544,10.161,0.795,0.9441,https://data.stats.gov.cn/dg/website/page.html#/pc/national/fsYearData,2026-07-12
CN-150000-2019,2019,150000,内蒙古自治区,24564,794,23238,466,161100,128800,27200,196400,78100,80400,24150000,6.6708,3.234,3.3292,10.1714,0.7995,0.946,https://data.stats.gov.cn/dg/website/page.html#/pc/national/fsYearData,2026-07-12
CN-150000-2020,2020,150000,内蒙古自治区,24549,777,23277,434,162100,130200,26800,202300,80600,83400,24030000,6.7457,3.3541,3.4707,10.216,0.8032,0.9482,https://data.stats.gov.cn/dg/website/page.html#/pc/national/fsYearData,2026-07-12
CN-150000-2021,2021,150000,内蒙古自治区,24948,806,23684,400,166600,133800,27300,211700,84200,88900,24000000,6.9417,3.5083,3.7042,10.395,0.8031,0.9493,https://data.stats.gov.cn/dg/website/page.html#/pc/national/fsYearData,2026-07-12
CN-150000-2022,2022,150000,内蒙古自治区,25062,810,23751,428,167700,135200,27500,217000,86000,91500,24010000,6.9846,3.5818,3.8109,10.4382,0.8062,0.9477,https://data.stats.gov.cn/dg/website/page.html#/pc/national/fsYearData,2026-07-12
CN-150000-2023,2023,150000,内蒙古自治区,25685,851,24328,438,173100,139400,28200,234500,92700,101200,23960000,7.2245,3.8689,4.2237,10.7199,0.8053,0.9472,https://data.stats.gov.cn/dg/website/page.html#/pc/national/fsYearData,2026-07-12
CN-210000-2014,2014,210000,辽宁省,35441,962,33297,1031,255500,210200,35300,256300,101600,105800,43580000,5.8628,2.3313,2.4277,8.1324,0.8227,0.9395,https://data.stats.gov.cn/dg/website/page.html#/pc/national/fsYearData,2026-07-12
CN-210000-2015,2015,210000,辽宁省,35236,1020,33105,955,267000,222600,35300,264400,104600,111000,43380000,6.1549,2.4112,2.5588,8.1226,0.8337,0.9395,https://data.stats.gov.cn/dg/website/page.html#/pc/national/fsYearData,2026-07-12
CN-210000-2016,2016,210000,辽宁省,36131,1190,33931,854,284400,239300,36700,277500,109800,119100,43270000,6.5727,2.5376,2.7525,8.3501,0.8414,0.9391,https://data.stats.gov.cn/dg/website/page.html#/pc/national/fsYearData,2026-07-12
CN-210000-2017,2017,210000,辽宁省,35767,1268,33540,775,298600,253000,37900,291200,115700,127400,43120000,6.9249,2.6832,2.9545,8.2948,0.8473,0.9377,https://data.stats.gov.cn/dg/website/page.html#/pc/national/fsYearData,2026-07-12
CN-210000-2018,2018,210000,辽宁省,36029,1369,33777,672,314400,266000,40400,303100,120400,134500,42910000,7.327,2.8059,3.1345,8.3964,0.8461,0.9375,https://data.stats.gov.cn/dg/website/page.html#/pc/national/fsYearData,2026-07-12
CN-210000-2019,2019,210000,辽宁省,34238,1364,32275,456,313800,267100,39300,309200,123900,139100,42770000,7.3369,2.8969,3.2523,8.0051,0.8512,0.9427,https://data.stats.gov.cn/dg/website/page.html#/pc/national/fsYearData,2026-07-12
CN-210000-2020,2020,210000,辽宁省,34131,1359,32174,466,314500,269100,38300,316100,126200,142700,42550000,7.3913,2.9659,3.3537,8.0214,0.8556,0.9427,https://data.stats.gov.cn/dg/website/page.html#/pc/national/fsYearData,2026-07-12
CN-210000-2021,2021,210000,辽宁省,33051,1444,30919,539,324500,278100,39400,334000,132000,152700,42290000,7.6732,3.1213,3.6108,7.8153,0.857,0.9355,https://data.stats.gov.cn/dg/website/page.html#/pc/national/fsYearData,2026-07-12
CN-210000-2022,2022,210000,辽宁省,32679,1477,30549,498,326200,284100,35800,340300,133300,157800,41970000,7.7722,3.1761,3.7598,7.7863,0.8709,0.9348,https://data.stats.gov.cn/dg/website/page.html#/pc/national/fsYearData,2026-07-12
CN-210000-2023,2023,210000,辽宁省,34137,1536,32005,440,334200,294500,35200,357600,137900,167900,41820000,7.9914,3.2975,4.0148,8.1628,0.8812,0.9375,https://data.stats.gov.cn/dg/website/page.html#/pc/national/fsYearData,2026-07-12
CN-220000-2014,2014,220000,吉林省,19891,582,18856,348,141000,114000,21300,151400,63200,57400,26420000,5.3369,2.3921,2.1726,7.5288,0.8085,0.948,https://data.stats.gov.cn/dg/website/page.html#/pc/national/fsYearData,2026-07-12
CN-220000-2015,2015,220000,吉林省,20612,616,19409,432,144500,117700,21000,159000,67200,60700,26130000,5.53,2.5718,2.323,7.8883,0.8145,0.9416,https://data.stats.gov.cn/dg/website/page.html#/pc/national/fsYearData,2026-07-12
CN-220000-2016,2016,220000,吉林省,20829,662,19589,428,151200,124800,20900,166600,69700,65700,25670000,5.8901,2.7152,2.5594,8.1141,0.8254,0.9405,https://data.stats.gov.cn/dg/website/page.html#/pc/national/fsYearData,2026-07-12
CN-220000-2017,2017,220000,吉林省,20828,654,19647,404,153700,126600,21700,168000,70600,67100,25260000,6.0847,2.7949,2.6564,8.2454,0.8237,0.9433,https://data.stats.gov.cn/dg/website/page.html#/pc/national/fsYearData,2026-07-12
CN-220000-2018,2018,220000,吉林省,22691,780,21371,406,167000,140400,21600,183800,77100,76200,24840000,6.723,3.1039,3.0676,9.1349,0.8407,0.9418,https://data.stats.gov.cn/dg/website/page.html#/pc/national/fsYearData,2026-07-12
CN-220000-2019,2019,220000,吉林省,22198,797,20917,377,170300,145100,20500,188500,79000,79300,24480000,6.9567,3.2271,3.2394,9.0678,0.852,0.9423,https://data.stats.gov.cn/dg/website/page.html#/pc/national/fsYearData,2026-07-12
CN-220000-2020,2020,220000,吉林省,25616,812,24424,314,173100,148800,19600,212100,85100,95400,23990000,7.2155,3.5473,3.9767,10.6778,0.8596,0.9535,https://data.stats.gov.cn/dg/website/page.html#/pc/national/fsYearData,2026-07-12
CN-220000-2021,2021,220000,吉林省,25344,825,24155,285,176500,151200,20500,217300,87300,97800,23750000,7.4316,3.6758,4.1179,10.6712,0.8567,0.9531,https://data.stats.gov.cn/dg/website/page.html#/pc/national/fsYearData,2026-07-12
CN-220000-2022,2022,220000,吉林省,25031,825,23844,281,177200,154200,19300,218000,86700,98600,23480000,7.5468,3.6925,4.1993,10.6606,0.8702,0.9526,https://data.stats.gov.cn/dg/website/page.html#/pc/national/fsYearData,2026-07-12
CN-220000-2023,2023,220000,吉林省,26161,870,24905,282,183700,162000,17800,232300,92300,107000,23390000,7.8538,3.9461,4.5746,11.1847,0.8819,0.952,https://data.stats.gov.cn/dg/website/page.html#/pc/national/fsYearData,2026-07-12
CN-230000-2014,2014,230000,黑龙江省,21229,1002,18725,1443,201300,163100,29300,212200,81400,77700,36080000,5.5793,2.2561,2.1535,5.8839,0.8102,0.882,https://data.stats.gov.cn/dg/website/page.html#/pc/national/fsYearData,2026-07-12
CN-230000-2015,2015,230000,黑龙江省,20752,1012,18386,1301,212600,173600,30000,215300,82700,81000,35290000,6.0244,2.3434,2.2953,5.8804,0.8166,0.886,https://data.stats.gov.cn/dg/website/page.html#/pc/national/fsYearData,2026-07-12
CN-230000-2016,2016,230000,黑龙江省,20375,1031,18256,1037,220100,181500,30000,221400,84400,85400,34630000,6.3558,2.4372,2.4661,5.8836,0.8246,0.896,https://data.stats.gov.cn/dg/website/page.html#/pc/national/fsYearData,2026-07-12
CN-230000-2017,2017,230000,黑龙江省,20283,1089,18398,746,241700,200800,32200,229400,88500,90400,33990000,7.1109,2.6037,2.6596,5.9673,0.8308,0.9071,https://data.stats.gov.cn/dg/website/page.html#/pc/national/fsYearData,2026-07-12
CN-230000-2018,2018,230000,黑龙江省,20349,1105,18460,736,250100,209600,31600,230800,89500,93100,33270000,7.5173,2.6901,2.7983,6.1163,0.8381,0.9072,https://data.stats.gov.cn/dg/website/page.html#/pc/national/fsYearData,2026-07-12
CN-230000-2019,2019,230000,黑龙江省,20375,1144,18478,704,262600,219000,36000,237700,93500,97600,32550000,8.0676,2.8725,2.9985,6.2596,0.834,0.9069,https://data.stats.gov.cn/dg/website/page.html#/pc/national/fsYearData,2026-07-12
CN-230000-2020,2020,230000,黑龙江省,20461,1126,18653,626,253300,215200,31200,242500,96100,102300,31710000,7.988,3.0306,3.2261,6.4525,0.8496,0.9116,https://data.stats.gov.cn/dg/website/page.html#/pc/national/fsYearData,2026-07-12
CN-230000-2021,2021,230000,黑龙江省,20578,1187,18772,548,260500,221200,32700,248600,96900,107100,31250000,8.336,3.1008,3.4272,6.585,0.8491,0.9122,https://data.stats.gov.cn/dg/website/page.html#/pc/national/fsYearData,2026-07-12
CN-230000-2022,2022,230000,黑龙江省,20599,1212,18805,504,261300,223200,32300,253100,98300,110700,30990000,8.4318,3.172,3.5721,6.647,0.8542,0.9129,https://data.stats.gov.cn/dg/website/page.html#/pc/national/fsYearData,2026-07-12
CN-230000-2023,2023,230000,黑龙江省,21417,1249,19623,474,273300,233400,33600,267500,103700,118800,30620000,8.9255,3.3867,3.8798,6.9944,0.854,0.9162,https://data.stats.gov.cn/dg/website/page.html#/pc/national/fsYearData,2026-07-12
CN-310000-2014,2014,310000,上海市,4984,332,4489,116,117500,98300,17100,164100,61200,71900,24670000,4.7629,2.4807,2.9145,2.0203,0.8366,0.9007,https://data.stats.gov.cn/dg/website/page.html#/pc/national/fsYearData,2026-07-12
CN-310000-2015,2015,310000,上海市,5016,338,4480,116,122800,103500,17100,170100,63000,75400,24580000,4.9959,2.5631,3.0675,2.0407,0.8428,0.8931,https://data.stats.gov.cn/dg/website/page.html#/pc/national/fsYearData,2026-07-12
CN-310000-2016,2016,310000,上海市,5016,349,4470,117,129200,110100,16700,178200,65400,79400,24670000,5.2371,2.651,3.2185,2.0332,0.8522,0.8911,https://data.stats.gov.cn/dg/website/page.html#/pc/national/fsYearData,2026-07-12
CN-310000-2017,2017,310000,上海市,5144,363,4574,112,134600,115900,16400,186900,67900,83900,24660000,5.4582,2.7534,3.4023,2.086,0.8611,0.8892,https://data.stats.gov.cn/dg/website/page.html#/pc/national/fsYearData,2026-07-12
CN-310000-2018,2018,310000,上海市,5293,358,4729,108,139000,120800,16000,195600,71600,88000,24750000,5.6162,2.8929,3.5556,2.1386,0.8691,0.8934,https://data.stats.gov.cn/dg/website/page.html#/pc/national/fsYearData,2026-07-12
CN-310000-2019,2019,310000,上海市,5597,374,5021,106,146500,128500,15800,204500,74700,92900,24810000,5.9049,3.0109,3.7445,2.2559,0.8771,0.8971,https://data.stats.gov.cn/dg/website/page.html#/pc/national/fsYearData,2026-07-12
CN-310000-2020,2020,310000,上海市,5897,398,5291,107,152200,134300,15600,214400,78400,97200,24880000,6.1174,3.1511,3.9068,2.3702,0.8824,0.8972,https://data.stats.gov.cn/dg/website/page.html#/pc/national/fsYearData,2026-07-12
CN-310000-2021,2021,310000,上海市,6308,426,5656,103,160400,142700,15500,229000,84100,103900,24890000,6.4444,3.3789,4.1744,2.5344,0.8897,0.8966,https://data.stats.gov.cn/dg/website/page.html#/pc/national/fsYearData,2026-07-12
CN-310000-2022,2022,310000,上海市,6404,443,5726,101,165300,148200,14900,236000,86000,106400,24750000,6.6788,3.4747,4.299,2.5875,0.8966,0.8941,https://data.stats.gov.cn/dg/website/page.html#/pc/national/fsYearData,2026-07-12
CN-310000-2023,2023,310000,上海市,6514,467,5796,104,175000,157000,15800,245800,89100,111000,24870000,7.0366,3.5826,4.4632,2.6192,0.8971,0.8898,https://data.stats.gov.cn/dg/website/page.html#/pc/national/fsYearData,2026-07-12
CN-320000-2014,2014,320000,江苏省,31995,1524,28921,1290,392300,309300,74800,458500,178600,188800,82810000,4.7374,2.1567,2.2799,3.8637,0.7884,0.9039,https://data.stats.gov.cn/dg/website/page.html#/pc/national/fsYearData,2026-07-12
CN-320000-2015,2015,320000,江苏省,31925,1581,28841,1244,413600,328500,76100,487000,189200,204000,83150000,4.9741,2.2754,2.4534,3.8394,0.7942,0.9034,https://data.stats.gov.cn/dg/website/page.html#/pc/national/fsYearData,2026-07-12
CN-320000-2016,2016,320000,江苏省,32117,1678,29099,1059,443100,356200,77500,517000,204600,221200,83810000,5.287,2.4412,2.6393,3.8321,0.8039,0.906,https://data.stats.gov.cn/dg/website/page.html#/pc/national/fsYearData,2026-07-12
CN-320000-2017,2017,320000,江苏省,32037,1727,29118,911,469200,369800,89400,547700,217100,236900,84230000,5.5705,2.5775,2.8125,3.8035,0.7882,0.9089,https://data.stats.gov.cn/dg/website/page.html#/pc/national/fsYearData,2026-07-12
CN-320000-2018,2018,320000,江苏省,33254,1853,30295,808,491500,388000,93500,590100,233300,260400,84460000,5.8193,2.7623,3.0831,3.9372,0.7894,0.911,https://data.stats.gov.cn/dg/website/page.html#/pc/national/fsYearData,2026-07-12
CN-320000-2019,2019,320000,江苏省,34796,1941,31821,685,516000,407200,98500,633300,254700,279800,84690000,6.0928,3.0074,3.3038,4.1086,0.7891,0.9145,https://data.stats.gov.cn/dg/website/page.html#/pc/national/fsYearData,2026-07-12
CN-320000-2020,2020,320000,江苏省,35747,1996,32703,658,535000,421700,101600,665500,267800,294200,84770000,6.3112,3.1591,3.4706,4.2169,0.7882,0.9148,https://data.stats.gov.cn/dg/website/page.html#/pc/national/fsYearData,2026-07-12
CN-320000-2021,2021,320000,江苏省,36448,2030,33387,619,548600,429900,104700,691800,272700,308700,85050000,6.4503,3.2063,3.6296,4.2855,0.7836,0.916,https://data.stats.gov.cn/dg/website/page.html#/pc/national/fsYearData,2026-07-12
CN-320000-2022,2022,320000,江苏省,37001,2087,33947,510,563000,443700,106100,713700,279200,318300,85150000,6.6119,3.2789,3.7381,4.3454,0.7881,0.9175,https://data.stats.gov.cn/dg/website/page.html#/pc/national/fsYearData,2026-07-12
CN-320000-2023,2023,320000,江苏省,39536,2173,36378,508,578800,456500,108200,743300,290100,333400,85260000,6.7886,3.4025,3.9104,4.6371,0.7887,0.9201,https://data.stats.gov.cn/dg/website/page.html#/pc/national/fsYearData,2026-07-12
CN-330000-2014,2014,330000,浙江省,30358,935,28673,577,245800,213400,23100,375900,145700,145100,58900000,4.1732,2.4737,2.4635,5.1542,0.8682,0.9445,https://data.stats.gov.cn/dg/website/page.html#/pc/national/fsYearData,2026-07-12
CN-330000-2015,2015,330000,浙江省,31137,1049,29431,483,272500,239400,23400,405600,158100,159900,59850000,4.553,2.6416,2.6717,5.2025,0.8785,0.9452,https://data.stats.gov.cn/dg/website/page.html#/pc/national/fsYearData,2026-07-12
CN-330000-2016,2016,330000,浙江省,31546,1130,29811,420,289900,254800,24600,432600,168200,174500,60720000,4.7744,2.7701,2.8738,5.1953,0.8789,0.945,https://data.stats.gov.cn/dg/website/page.html#/pc/national/fsYearData,2026-07-12
CN-330000-2017,2017,330000,浙江省,31979,1204,30189,394,313500,277100,25800,459700,178700,187700,61700000,5.081,2.8963,3.0421,5.183,0.8839,0.944,https://data.stats.gov.cn/dg/website/page.html#/pc/national/fsYearData,2026-07-12
CN-330000-2018,2018,330000,浙江省,32754,1288,30883,393,332100,293700,27600,486200,190800,201500,62730000,5.2941,3.0416,3.2122,5.2214,0.8844,0.9429,https://data.stats.gov.cn/dg/website/page.html#/pc/national/fsYearData,2026-07-12
CN-330000-2019,2019,330000,浙江省,34119,1372,32145,403,350200,307100,30000,520200,205500,219800,63750000,5.4933,3.2235,3.4478,5.352,0.8769,0.9421,https://data.stats.gov.cn/dg/website/page.html#/pc/national/fsYearData,2026-07-12
CN-330000-2020,2020,330000,浙江省,34400,1429,32376,401,361300,317000,30700,548000,217700,233100,64680000,5.586,3.3658,3.6039,5.3185,0.8774,0.9412,https://data.stats.gov.cn/dg/website/page.html#/pc/national/fsYearData,2026-07-12
CN-330000-2021,2021,330000,浙江省,35120,1485,33021,406,369900,327400,29800,579100,232700,250300,65400000,5.656,3.5581,3.8272,5.37,0.8851,0.9402,https://data.stats.gov.cn/dg/website/page.html#/pc/national/fsYearData,2026-07-12
CN-330000-2022,2022,330000,浙江省,35967,1519,33806,409,381700,339300,29300,612800,246600,267000,65770000,5.8036,3.7494,4.0596,5.4686,0.8889,0.9399,https://data.stats.gov.cn/dg/website/page.html#/pc/national/fsYearData,2026-07-12
CN-330000-2023,2023,330000,浙江省,37679,1606,35405,414,406100,361700,30900,662600,266000,292300,66270000,6.128,4.0139,4.4107,5.6857,0.8907,0.9396,https://data.stats.gov.cn/dg/website/page.html#/pc/national/fsYearData,2026-07-12
CN-340000-2014,2014,340000,安徽省,24824,968,22014,1755,252000,187700,58600,268000,103700,111500,59970000,4.2021,1.7292,1.8593,4.1394,0.7448,0.8868,https://data.stats.gov.cn/dg/website/page.html#/pc/national/fsYearData,2026-07-12
CN-340000-2015,2015,340000,安徽省,24853,1018,22030,1721,267400,202700,58600,280800,107800,119300,60110000,4.4485,1.7934,1.9847,4.1346,0.758,0.8864,https://data.stats.gov.cn/dg/website/page.html#/pc/national/fsYearData,2026-07-12
CN-340000-2016,2016,340000,安徽省,24385,1039,22271,983,281700,216300,58600,293700,112700,126400,60330000,4.6693,1.8681,2.0951,4.0419,0.7678,0.9133,https://data.stats.gov.cn/dg/website/page.html#/pc/national/fsYearData,2026-07-12
CN-340000-2017,2017,340000,安徽省,24491,1095,22635,666,305700,233200,65000,313500,120800,138100,60570000,5.0471,1.9944,2.28,4.0434,0.7628,0.9242,https://data.stats.gov.cn/dg/website/page.html#/pc/national/fsYearData,2026-07-12
CN-340000-2018,2018,340000,安徽省,24925,1140,23076,604,328100,253600,67000,333600,126800,149700,60760000,5.3999,2.0869,2.4638,4.1022,0.7729,0.9258,https://data.stats.gov.cn/dg/website/page.html#/pc/national/fsYearData,2026-07-12
CN-340000-2019,2019,340000,安徽省,26435,1241,24558,544,347400,272100,68700,361200,138400,163400,60920000,5.7026,2.2718,2.6822,4.3393,0.7832,0.929,https://data.stats.gov.cn/dg/website/page.html#/pc/national/fsYearData,2026-07-12
CN-340000-2020,2020,340000,安徽省,29391,1388,27400,481,407800,318500,79700,412100,164200,188200,61050000,6.6798,2.6896,3.0827,4.8143,0.781,0.9323,https://data.stats.gov.cn/dg/website/page.html#/pc/national/fsYearData,2026-07-12
CN-340000-2021,2021,340000,安徽省,29554,1338,27629,466,411000,318400,82000,435100,172600,201000,61130000,6.7234,2.8235,3.2881,4.8346,0.7747,0.9349,https://data.stats.gov.cn/dg/website/page.html#/pc/national/fsYearData,2026-07-12
CN-340000-2022,2022,340000,安徽省,30176,1338,28205,475,444000,339200,92400,471200,186000,221400,61270000,7.2466,3.0357,3.6135,4.9251,0.764,0.9347,https://data.stats.gov.cn/dg/website/page.html#/pc/national/fsYearData,2026-07-12
CN-340000-2023,2023,340000,安徽省,31361,1354,29340,485,453500,348400,92600,509900,200600,241400,61210000,7.4089,3.2772,3.9438,5.1235,0.7682,0.9356,https://data.stats.gov.cn/dg/website/page.html#/pc/national/fsYearData,2026-07-12
CN-350000-2014,2014,350000,福建省,28030,557,25994,1404,164800,122800,32700,206500,75300,85700,39450000,4.1774,1.9087,2.1724,7.1052,0.7451,0.9274,https://data.stats.gov.cn/dg/website/page.html#/pc/national/fsYearData,2026-07-12
CN-350000-2015,2015,350000,福建省,27921,570,25876,1401,173000,129600,33500,212900,78000,90500,39840000,4.3424,1.9578,2.2716,7.0083,0.7491,0.9268,https://data.stats.gov.cn/dg/website/page.html#/pc/national/fsYearData,2026-07-12
CN-350000-2016,2016,350000,福建省,27656,587,26190,809,174800,131900,32800,219600,79700,95600,40160000,4.3526,1.9846,2.3805,6.8865,0.7546,0.947,https://data.stats.gov.cn/dg/website/page.html#/pc/national/fsYearData,2026-07-12
CN-350000-2017,2017,350000,福建省,27217,606,26078,470,182400,139400,33500,231400,84000,101200,40650000,4.4871,2.0664,2.4895,6.6954,0.7643,0.9582,https://data.stats.gov.cn/dg/website/page.html#/pc/national/fsYearData,2026-07-12
CN-350000-2018,2018,350000,福建省,27590,641,26423,450,192500,148000,34500,247400,91100,109300,41040000,4.6905,2.2198,2.6633,6.7227,0.7688,0.9577,https://data.stats.gov.cn/dg/website/page.html#/pc/national/fsYearData,2026-07-12
CN-350000-2019,2019,350000,福建省,27788,677,26596,421,202200,156300,35500,263200,99500,116200,41370000,4.8876,2.4051,2.8088,6.7169,0.773,0.9571,https://data.stats.gov.cn/dg/website/page.html#/pc/national/fsYearData,2026-07-12
CN-350000-2020,2020,350000,福建省,28105,695,26902,403,216800,169200,37300,278400,105500,122500,41610000,5.2103,2.5354,2.944,6.7544,0.7804,0.9572,https://data.stats.gov.cn/dg/website/page.html#/pc/national/fsYearData,2026-07-12
CN-350000-2021,2021,350000,福建省,28693,711,27463,392,223800,176300,37500,294400,111100,130200,41870000,5.3451,2.6535,3.1096,6.8529,0.7878,0.9571,https://data.stats.gov.cn/dg/website/page.html#/pc/national/fsYearData,2026-07-12
CN-350000-2022,2022,350000,福建省,29116,719,27940,324,232400,184800,38300,308000,116100,136700,41880000,5.5492,2.7722,3.2641,6.9522,0.7952,0.9596,https://data.stats.gov.cn/dg/website/page.html#/pc/national/fsYearData,2026-07-12
CN-350000-2023,2023,350000,福建省,30023,731,28845,324,242100,192800,40400,325800,123300,144700,41830000,5.7877,2.9476,3.4592,7.1774,0.7964,0.9608,https://data.stats.gov.cn/dg/website/page.html#/pc/national/fsYearData,2026-07-12
CN-360000-2014,2014,360000,江西省,38873,565,37372,827,186700,125100,49000,201400,74600,84100,44800000,4.1674,1.6652,1.8772,8.677,0.6701,0.9614,https://data.stats.gov.cn/dg/website/page.html#/pc/national/fsYearData,2026-07-12
CN-360000-2015,2015,360000,江西省,38557,568,37066,812,197800,134300,50100,210900,76800,89600,44850000,4.4103,1.7124,1.9978,8.5969,0.679,0.9613,https://data.stats.gov.cn/dg/website/page.html#/pc/national/fsYearData,2026-07-12
CN-360000-2016,2016,360000,江西省,38272,592,36784,794,209100,143000,52200,221000,79200,95500,44960000,4.6508,1.7616,2.1241,8.5125,0.6839,0.9611,https://data.stats.gov.cn/dg/website/page.html#/pc/national/fsYearData,2026-07-12
CN-360000-2017,2017,360000,江西省,37791,669,36311,744,234000,160100,59200,235700,83600,104100,45110000,5.1873,1.8532,2.3077,8.3775,0.6842,0.9608,https://data.stats.gov.cn/dg/website/page.html#/pc/national/fsYearData,2026-07-12
CN-360000-2018,2018,360000,江西省,36545,716,35020,739,249500,172800,60600,247300,87300,110900,45130000,5.5285,1.9344,2.4573,8.0977,0.6926,0.9583,https://data.stats.gov.cn/dg/website/page.html#/pc/national/fsYearData,2026-07-12
CN-360000-2019,2019,360000,江西省,37029,807,35398,742,267100,189600,61300,267800,96400,120400,45160000,5.9145,2.1346,2.6661,8.1995,0.7098,0.956,https://data.stats.gov.cn/dg/website/page.html#/pc/national/fsYearData,2026-07-12
CN-360000-2020,2020,360000,江西省,36716,858,35214,564,285800,206800,62400,286100,104900,129300,45190000,6.3244,2.3213,2.8613,8.1248,0.7236,0.9591,https://data.stats.gov.cn/dg/website/page.html#/pc/national/fsYearData,2026-07-12
CN-360000-2021,2021,360000,江西省,36764,939,35216,513,307300,224000,65400,305700,111400,139900,45170000,6.8032,2.4662,3.0972,8.139,0.7289,0.9579,https://data.stats.gov.cn/dg/website/page.html#/pc/national/fsYearData,2026-07-12
CN-360000-2022,2022,360000,江西省,35683,964,34111,507,314500,227300,68100,314000,113300,144400,45280000,6.9457,2.5022,3.189,7.8805,0.7227,0.9559,https://data.stats.gov.cn/dg/website/page.html#/pc/national/fsYearData,2026-07-12
CN-360000-2023,2023,360000,江西省,40129,1139,38292,529,340700,247900,71700,361600,134800,169400,45150000,7.546,2.9856,3.7519,8.8879,0.7276,0.9542,https://data.stats.gov.cn/dg/website/page.html#/pc/national/fsYearData,2026-07-12
CN-370000-2014,2014,370000,山东省,77012,1854,72834,2108,500600,359600,117100,603800,230900,245700,98080000,5.104,2.3542,2.5051,7.852,0.7183,0.9457,https://data.stats.gov.cn/dg/website/page.html#/pc/national/fsYearData,2026-07-12
CN-370000-2015,2015,370000,山东省,77259,1927,73041,2086,519400,378900,116200,618200,237100,254200,98660000,5.2645,2.4032,2.5765,7.8308,0.7295,0.9454,https://data.stats.gov.cn/dg/website/page.html#/pc/national/fsYearData,2026-07-12
CN-370000-2016,2016,370000,山东省,76997,2018,72904,1891,541000,399400,115000,641700,244900,268400,99730000,5.4246,2.4556,2.6913,7.7205,0.7383,0.9468,https://data.stats.gov.cn/dg/website/page.html#/pc/national/fsYearData,2026-07-12
CN-370000-2017,2017,370000,山东省,79050,2451,75106,1302,584800,441000,116600,688600,264600,293600,100330000,5.8288,2.6373,2.9263,7.879,0.7541,0.9501,https://data.stats.gov.cn/dg/website/page.html#/pc/national/fsYearData,2026-07-12
CN-370000-2018,2018,370000,山东省,81470,2580,77614,1081,608500,460700,119400,738500,290400,322800,100770000,6.0385,2.8818,3.2033,8.0847,0.7571,0.9527,https://data.stats.gov.cn/dg/website/page.html#/pc/national/fsYearData,2026-07-12
CN-370000-2019,2019,370000,山东省,83616,2615,79825,973,629700,481300,119300,782300,315300,341400,101060000,6.231,3.1199,3.3782,8.2739,0.7643,0.9547,https://data.stats.gov.cn/dg/website/page.html#/pc/national/fsYearData,2026-07-12
CN-370000-2020,2020,370000,山东省,84872,2640,81126,889,646900,499500,118300,813400,329200,355700,101650000,6.364,3.2386,3.4993,8.3494,0.7721,0.9559,https://data.stats.gov.cn/dg/website/page.html#/pc/national/fsYearData,2026-07-12
CN-370000-2021,2021,370000,山东省,85715,2654,82062,779,673900,522300,121700,853100,342800,376500,101700000,6.6264,3.3707,3.7021,8.4282,0.775,0.9574,https://data.stats.gov.cn/dg/website/page.html#/pc/national/fsYearData,2026-07-12
CN-370000-2022,2022,370000,山东省,86026,2666,82485,640,693600,538400,126500,876500,350000,387100,101630000,6.8248,3.4439,3.8089,8.4646,0.7762,0.9588,https://data.stats.gov.cn/dg/website/page.html#/pc/national/fsYearData,2026-07-12
CN-370000-2023,2023,370000,山东省,88186,2847,84426,601,738600,571300,136300,934700,371900,417600,101230000,7.2963,3.6738,4.1253,8.7114,0.7735,0.9574,https://data.stats.gov.cn/dg/website/page.html#/pc/national/fsYearData,2026-07-12
CN-410000-2014,2014,410000,河南省,71154,1412,66952,2478,459300,332700,106400,494800,189300,191100,96450000,4.7621,1.9627,1.9813,7.3773,0.7244,0.9409,https://data.stats.gov.cn/dg/website/page.html#/pc/national/fsYearData,2026-07-12
CN-410000-2015,2015,410000,河南省,71394,1521,67092,2471,489600,358300,109900,519900,198600,205400,97010000,5.0469,2.0472,2.1173,7.3594,0.7318,0.9397,https://data.stats.gov.cn/dg/website/page.html#/pc/national/fsYearData,2026-07-12
CN-410000-2016,2016,410000,河南省,71271,1596,67174,2223,521500,387100,112000,547000,206700,222100,97780000,5.3334,2.1139,2.2714,7.2889,0.7423,0.9425,https://data.stats.gov.cn/dg/website/page.html#/pc/national/fsYearData,2026-07-12
CN-410000-2017,2017,410000,河南省,71089,1632,67307,1897,559000,413800,121000,581000,220300,241600,98290000,5.6873,2.2413,2.458,7.2326,0.7403,0.9468,https://data.stats.gov.cn/dg/website/page.html#/pc/national/fsYearData,2026-07-12
CN-410000-2018,2018,410000,河南省,71351,1825,67730,1589,608500,455700,127000,621500,235600,263100,98640000,6.1689,2.3885,2.6673,7.2335,0.7489,0.9493,https://data.stats.gov.cn/dg/website/page.html#/pc/national/fsYearData,2026-07-12
CN-410000-2019,2019,410000,河南省,70734,1974,67561,1013,640100,481200,132300,653900,251400,278900,99010000,6.465,2.5391,2.8169,7.1441,0.7518,0.9551,https://data.stats.gov.cn/dg/website/page.html#/pc/national/fsYearData,2026-07-12
CN-410000-2020,2020,410000,河南省,74644,2205,71339,909,667200,502900,137800,706800,276400,304300,99410000,6.7116,2.7804,3.0611,7.5087,0.7537,0.9557,https://data.stats.gov.cn/dg/website/page.html#/pc/national/fsYearData,2026-07-12
CN-410000-2021,2021,410000,河南省,78536,2410,75174,791,721300,537000,150900,755600,297500,328100,98830000,7.2984,3.0102,3.3198,7.9466,0.7445,0.9572,https://data.stats.gov.cn/dg/website/page.html#/pc/national/fsYearData,2026-07-12
CN-410000-2022,2022,410000,河南省,81694,2470,78320,746,752200,561100,161600,805400,316300,353900,98720000,7.6195,3.204,3.5849,8.2753,0.7459,0.9587,https://data.stats.gov.cn/dg/website/page.html#/pc/national/fsYearData,2026-07-12
CN-410000-2023,2023,410000,河南省,85044,2527,81645,724,777400,578800,169000,866100,346600,383900,98150000,7.9205,3.5313,3.9114,8.6647,0.7445,0.96,https://data.stats.gov.cn/dg/website/page.html#/pc/national/fsYearData,2026-07-12
CN-420000-2014,2014,420000,湖北省,36077,771,34503,696,317500,222400,80300,335600,126100,144100,58160000,5.4591,2.1682,2.4776,6.2031,0.7005,0.9564,https://data.stats.gov.cn/dg/website/page.html#/pc/national/fsYearData,2026-07-12
CN-420000-2015,2015,420000,湖北省,36179,869,34563,578,343100,243500,83900,367900,136000,165100,58500000,5.865,2.3248,2.8222,6.1844,0.7097,0.9553,https://data.stats.gov.cn/dg/website/page.html#/pc/national/fsYearData,2026-07-12
CN-420000-2016,2016,420000,湖北省,36354,927,34703,557,360600,256900,87700,384500,141700,174900,58850000,6.1274,2.4078,2.972,6.1774,0.7124,0.9546,https://data.stats.gov.cn/dg/website/page.html#/pc/national/fsYearData,2026-07-12
CN-420000-2017,2017,420000,湖北省,36357,979,34756,534,376200,270900,88900,399700,147300,184300,59040000,6.372,2.4949,3.1216,6.158,0.7201,0.956,https://data.stats.gov.cn/dg/website/page.html#/pc/national/fsYearData,2026-07-12
CN-420000-2018,2018,420000,湖北省,36486,995,34912,504,393500,281500,94900,411000,152000,190900,59170000,6.6503,2.5689,3.2263,6.1663,0.7154,0.9569,https://data.stats.gov.cn/dg/website/page.html#/pc/national/fsYearData,2026-07-12
CN-420000-2019,2019,420000,湖北省,35515,1035,33919,491,403300,288200,98100,416200,153600,194200,59270000,6.8045,2.5915,3.2765,5.9921,0.7146,0.9551,https://data.stats.gov.cn/dg/website/page.html#/pc/national/fsYearData,2026-07-12
CN-420000-2020,2020,420000,湖北省,35447,1048,33852,479,411400,296000,98100,428500,159700,200000,57450000,7.161,2.7798,3.4813,6.1701,0.7195,0.955,https://data.stats.gov.cn/dg/website/page.html#/pc/national/fsYearData,2026-07-12
CN-420000-2021,2021,420000,湖北省,36529,1167,34823,459,434000,314600,101400,456400,169500,214600,58300000,7.4443,2.9074,3.681,6.2657,0.7249,0.9533,https://data.stats.gov.cn/dg/website/page.html#/pc/national/fsYearData,2026-07-12
CN-420000-2022,2022,420000,湖北省,36782,1182,35030,450,450300,324100,106800,468600,176800,217600,58440000,7.7053,3.0253,3.7235,6.294,0.7197,0.9524,https://data.stats.gov.cn/dg/website/page.html#/pc/national/fsYearData,2026-07-12
CN-420000-2023,2023,420000,湖北省,38586,1245,36735,469,476100,340400,113700,497200,190400,230600,58380000,8.1552,3.2614,3.95,6.6095,0.715,0.952,https://data.stats.gov.cn/dg/website/page.html#/pc/national/fsYearData,2026-07-12
CN-430000-2014,2014,430000,湖南省,61571,1018,57637,2810,355500,247000,93600,341400,133400,136200,66110000,5.3774,2.0178,2.0602,9.3134,0.6948,0.9361,https://data.stats.gov.cn/dg/website/page.html#/pc/national/fsYearData,2026-07-12
CN-430000-2015,2015,430000,湖南省,62646,1173,58586,2778,397000,275900,103500,370800,150800,149300,66150000,6.0015,2.2797,2.257,9.4703,0.695,0.9352,https://data.stats.gov.cn/dg/website/page.html#/pc/national/fsYearData,2026-07-12
CN-430000-2016,2016,430000,湖南省,61055,1260,58245,1493,425800,299300,107800,392500,160600,161500,66250000,6.4272,2.4242,2.4377,9.2158,0.7029,0.954,https://data.stats.gov.cn/dg/website/page.html#/pc/national/fsYearData,2026-07-12
CN-430000-2017,2017,430000,湖南省,58624,1313,56302,961,452300,319500,114000,415600,173000,172600,66330000,6.8189,2.6082,2.6021,8.8382,0.7064,0.9604,https://data.stats.gov.cn/dg/website/page.html#/pc/national/fsYearData,2026-07-12
CN-430000-2018,2018,430000,湖南省,56239,1552,53788,851,482400,346400,116900,437000,180900,184000,66350000,7.2705,2.7265,2.7732,8.4761,0.7181,0.9564,https://data.stats.gov.cn/dg/website/page.html#/pc/national/fsYearData,2026-07-12
CN-430000-2019,2019,430000,湖南省,57230,1616,54859,694,506300,365100,121300,502300,190500,240500,66400000,7.625,2.869,3.622,8.619,0.7211,0.9586,https://data.stats.gov.cn/dg/website/page.html#/pc/national/fsYearData,2026-07-12
CN-430000-2020,2020,430000,湖南省,56042,1649,53793,538,519900,376900,124200,497800,190100,235100,66450000,7.8239,2.8608,3.538,8.4337,0.7249,0.9599,https://data.stats.gov.cn/dg/website/page.html#/pc/national/fsYearData,2026-07-12
CN-430000-2021,2021,430000,湖南省,55677,1716,53354,539,532700,389800,124900,506200,192500,239200,66220000,8.0444,2.907,3.6122,8.4079,0.7317,0.9583,https://data.stats.gov.cn/dg/website/page.html#/pc/national/fsYearData,2026-07-12
CN-430000-2022,2022,430000,湖南省,55338,1739,52977,538,544500,397500,128900,519200,198700,244200,66040000,8.245,3.0088,3.6978,8.3795,0.73,0.9573,https://data.stats.gov.cn/dg/website/page.html#/pc/national/fsYearData,2026-07-12
CN-430000-2023,2023,430000,湖南省,57503,1781,55110,511,533900,389800,125400,569700,219600,270500,65680000,8.1288,3.3435,4.1185,8.755,0.7301,0.9584,https://data.stats.gov.cn/dg/website/page.html#/pc/national/fsYearData,2026-07-12
CN-440000-2014,2014,440000,广东省,48085,1260,44675,1978,405800,319700,60600,583000,216800,233500,114890000,3.5321,1.887,2.0324,4.1853,0.7878,0.9291,https://data.stats.gov.cn/dg/website/page.html#/pc/national/fsYearData,2026-07-12
CN-440000-2015,2015,440000,广东省,48320,1323,45013,1831,435700,345300,63800,618000,228500,254100,116780000,3.7309,1.9567,2.1759,4.1377,0.7925,0.9316,https://data.stats.gov.cn/dg/website/page.html#/pc/national/fsYearData,2026-07-12
CN-440000-2016,2016,440000,广东省,49079,1381,46033,1544,465100,371700,65600,665300,243200,283800,119080000,3.9058,2.0423,2.3833,4.1215,0.7992,0.9379,https://data.stats.gov.cn/dg/website/page.html#/pc/national/fsYearData,2026-07-12
CN-440000-2017,2017,440000,广东省,49874,1464,47071,1215,492100,393400,68500,707500,258000,307700,121410000,4.0532,2.125,2.5344,4.1079,0.7994,0.9438,https://data.stats.gov.cn/dg/website/page.html#/pc/national/fsYearData,2026-07-12
CN-440000-2018,2018,440000,广东省,51451,1553,48684,1058,516900,416200,70700,755200,276400,334600,123480000,4.1861,2.2384,2.7098,4.1667,0.8052,0.9462,https://data.stats.gov.cn/dg/website/page.html#/pc/national/fsYearData,2026-07-12
CN-440000-2019,2019,440000,广东省,53900,1631,51064,1018,545200,441900,71400,792600,291100,356300,124890000,4.3654,2.3309,2.8529,4.3158,0.8105,0.9474,https://data.stats.gov.cn/dg/website/page.html#/pc/national/fsYearData,2026-07-12
CN-440000-2020,2020,440000,广东省,55900,1700,53069,897,564800,459100,73600,829400,306000,374500,126240000,4.474,2.424,2.9666,4.4281,0.8129,0.9494,https://data.stats.gov.cn/dg/website/page.html#/pc/national/fsYearData,2026-07-12
CN-440000-2021,2021,440000,广东省,57964,1762,55139,788,589000,479700,75800,873200,319400,401700,126840000,4.6436,2.5181,3.167,4.5699,0.8144,0.9513,https://data.stats.gov.cn/dg/website/page.html#/pc/national/fsYearData,2026-07-12
CN-440000-2022,2022,440000,广东省,59531,1813,56635,731,608300,497100,76100,916300,333200,420400,126570000,4.806,2.6325,3.3215,4.7034,0.8172,0.9514,https://data.stats.gov.cn/dg/website/page.html#/pc/national/fsYearData,2026-07-12
CN-440000-2023,2023,440000,广东省,62819,1875,59874,690,628600,515600,77800,976100,357900,450200,127060000,4.9473,2.8168,3.5432,4.944,0.8202,0.9531,https://data.stats.gov.cn/dg/website/page.html#/pc/national/fsYearData,2026-07-12
CN-450000-2014,2014,450000,广西壮族自治区,34667,486,32497,1646,201600,129400,59700,258600,86500,104000,47700000,4.2264,1.8134,2.1803,7.2677,0.6419,0.9374,https://data.stats.gov.cn/dg/website/page.html#/pc/national/fsYearData,2026-07-12
CN-450000-2015,2015,450000,广西壮族自治区,34439,527,32216,1657,214500,140300,60900,274700,91600,113200,48110000,4.4585,1.904,2.3529,7.1584,0.6541,0.9355,https://data.stats.gov.cn/dg/website/page.html#/pc/national/fsYearData,2026-07-12
CN-450000-2016,2016,450000,广西壮族自治区,34253,543,32020,1650,224500,148500,62200,289900,96700,122600,48570000,4.6222,1.9909,2.5242,7.0523,0.6615,0.9348,https://data.stats.gov.cn/dg/website/page.html#/pc/national/fsYearData,2026-07-12
CN-450000-2017,2017,450000,广西壮族自治区,34008,589,32034,1353,241100,161500,65000,305300,101100,131700,49070000,4.9134,2.0603,2.6839,6.9305,0.6698,0.942,https://data.stats.gov.cn/dg/website/page.html#/pc/national/fsYearData,2026-07-12
CN-450000-2018,2018,450000,广西壮族自治区,33742,624,31826,1257,255900,173200,67500,320900,106000,140400,49470000,5.1728,2.1427,2.8381,6.8207,0.6768,0.9432,https://data.stats.gov.cn/dg/website/page.html#/pc/national/fsYearData,2026-07-12
CN-450000-2019,2019,450000,广西壮族自治区,33679,678,31853,1109,277400,188300,72700,341400,115100,152400,49820000,5.568,2.3103,3.059,6.7601,0.6788,0.9458,https://data.stats.gov.cn/dg/website/page.html#/pc/national/fsYearData,2026-07-12
CN-450000-2020,2020,450000,广西壮族自治区,33875,733,32149,942,295600,202000,76300,372000,125500,167500,50190000,5.8896,2.5005,3.3373,6.7494,0.6834,0.949,https://data.stats.gov.cn/dg/website/page.html#/pc/national/fsYearData,2026-07-12
CN-450000-2021,2021,450000,广西壮族自治区,34112,803,32643,599,319000,219700,81600,393900,132000,182400,50370000,6.3331,2.6206,3.6212,6.7723,0.6887,0.9569,https://data.stats.gov.cn/dg/website/page.html#/pc/national/fsYearData,2026-07-12
CN-450000-2022,2022,450000,广西壮族自治区,34500,850,33086,493,341700,236600,86600,415200,138600,192900,50470000,6.7704,2.7462,3.8221,6.8357,0.6924,0.959,https://data.stats.gov.cn/dg/website/page.html#/pc/national/fsYearData,2026-07-12
CN-450000-2023,2023,450000,广西壮族自治区,34888,892,33497,427,362000,251700,92400,433500,145100,200900,50270000,7.2011,2.8864,3.9964,6.9401,0.6953,0.9601,https://data.stats.gov.cn/dg/website/page.html#/pc/national/fsYearData,2026-07-12
CN-460000-2014,2014,460000,海南省,5075,191,4754,121,34500,26500,6200,50600,17600,22400,9360000,3.6859,1.8803,2.3932,5.422,0.7681,0.9367,https://data.stats.gov.cn/dg/website/page.html#/pc/national/fsYearData,2026-07-12
CN-460000-2015,2015,460000,海南省,5046,202,4714,119,38700,30300,6400,54700,19000,24700,9450000,4.0952,2.0106,2.6138,5.3397,0.7829,0.9342,https://data.stats.gov.cn/dg/website/page.html#/pc/national/fsYearData,2026-07-12
CN-460000-2016,2016,460000,海南省,5144,211,4805,119,40300,31700,6500,57500,19900,26500,9570000,4.2111,2.0794,2.7691,5.3751,0.7866,0.9341,https://data.stats.gov.cn/dg/website/page.html#/pc/national/fsYearData,2026-07-12
CN-460000-2017,2017,460000,海南省,5180,208,4846,117,42000,32500,7300,60400,20800,28400,9720000,4.321,2.1399,2.9218,5.3292,0.7738,0.9355,https://data.stats.gov.cn/dg/website/page.html#/pc/national/fsYearData,2026-07-12
CN-460000-2018,2018,460000,海南省,5325,218,4981,119,44800,35900,7100,63700,22300,30000,9820000,4.5621,2.2709,3.055,5.4226,0.8013,0.9354,https://data.stats.gov.cn/dg/website/page.html#/pc/national/fsYearData,2026-07-12
CN-460000-2019,2019,460000,海南省,5417,246,5057,105,49800,40800,7000,67700,23900,32100,9950000,5.005,2.402,3.2261,5.4442,0.8193,0.9335,https://data.stats.gov.cn/dg/website/page.html#/pc/national/fsYearData,2026-07-12
CN-460000-2020,2020,460000,海南省,6127,280,5733,106,58500,46600,9600,74400,27200,35200,10120000,5.7806,2.6877,3.4783,6.0543,0.7966,0.9357,https://data.stats.gov.cn/dg/website/page.html#/pc/national/fsYearData,2026-07-12
CN-460000-2021,2021,460000,海南省,6277,269,5881,111,61400,48500,10200,80500,29700,38400,10200000,6.0196,2.9118,3.7647,6.1539,0.7899,0.9369,https://data.stats.gov.cn/dg/website/page.html#/pc/national/fsYearData,2026-07-12
CN-460000-2022,2022,460000,海南省,6384,270,5982,109,61200,48600,10000,82600,30600,39300,10270000,5.9591,2.9796,3.8267,6.2162,0.7941,0.937,https://data.stats.gov.cn/dg/website/page.html#/pc/national/fsYearData,2026-07-12
CN-460000-2023,2023,460000,海南省,6538,240,6143,128,60900,46800,11400,86500,31500,41200,10430000,5.8389,3.0201,3.9501,6.2685,0.7685,0.9396,https://data.stats.gov.cn/dg/website/page.html#/pc/national/fsYearData,2026-07-12
CN-500000-2014,2014,500000,重庆市,18767,565,17886,298,160600,109300,47400,154300,58100,62700,30430000,5.2777,1.9093,2.0605,6.1673,0.6806,0.9531,https://data.stats.gov.cn/dg/website/page.html#/pc/national/fsYearData,2026-07-12
CN-500000-2015,2015,500000,重庆市,19806,631,18986,159,176500,123900,48700,166700,61000,70000,30700000,5.7492,1.987,2.2801,6.4515,0.702,0.9586,https://data.stats.gov.cn/dg/website/page.html#/pc/national/fsYearData,2026-07-12
CN-500000-2016,2016,500000,重庆市,19933,699,19044,156,190900,136200,50300,179400,64700,77500,31100000,6.1383,2.0804,2.492,6.4093,0.7135,0.9554,https://data.stats.gov.cn/dg/website/page.html#/pc/national/fsYearData,2026-07-12
CN-500000-2017,2017,500000,重庆市,19682,749,18748,152,206400,150500,51000,191600,68500,84900,31440000,6.5649,2.1788,2.7004,6.2602,0.7292,0.9525,https://data.stats.gov.cn/dg/website/page.html#/pc/national/fsYearData,2026-07-12
CN-500000-2018,2018,500000,重庆市,20524,800,19535,153,220100,162100,52900,209300,76400,95100,31630000,6.9586,2.4154,3.0066,6.4888,0.7365,0.9518,https://data.stats.gov.cn/dg/website/page.html#/pc/national/fsYearData,2026-07-12
CN-500000-2019,2019,500000,重庆市,21057,846,20001,150,231800,171100,55700,224600,83300,103100,31880000,7.271,2.6129,3.234,6.6051,0.7381,0.9499,https://data.stats.gov.cn/dg/website/page.html#/pc/national/fsYearData,2026-07-12
CN-500000-2020,2020,500000,重庆市,20922,859,19838,149,235500,174900,55900,237700,88700,109400,32090000,7.3387,2.7641,3.4092,6.5198,0.7427,0.9482,https://data.stats.gov.cn/dg/website/page.html#/pc/national/fsYearData,2026-07-12
CN-500000-2021,2021,500000,重庆市,21361,858,20268,154,240700,178200,57700,246600,92100,114000,32120000,7.4938,2.8674,3.5492,6.6504,0.7403,0.9488,https://data.stats.gov.cn/dg/website/page.html#/pc/national/fsYearData,2026-07-12
CN-500000-2022,2022,500000,重庆市,22259,857,21161,153,250800,186100,59200,253200,94600,117300,32130000,7.8058,2.9443,3.6508,6.9278,0.742,0.9507,https://data.stats.gov.cn/dg/website/page.html#/pc/national/fsYearData,2026-07-12
CN-500000-2023,2023,500000,重庆市,23389,862,22279,156,255600,189900,60000,272000,102300,128100,31910000,8.01,3.2059,4.0144,7.3297,0.743,0.9525,https://data.stats.gov.cn/dg/website/page.html#/pc/national/fsYearData,2026-07-12
CN-510000-2014,2014,510000,四川省,81070,1814,76110,2962,459600,319200,128600,451900,179500,175500,81390000,5.6469,2.2054,2.1563,9.9607,0.6945,0.9388,https://data.stats.gov.cn/dg/website/page.html#/pc/national/fsYearData,2026-07-12
CN-510000-2015,2015,510000,四川省,80109,1942,76214,1801,488800,345800,130700,472200,181500,190600,81960000,5.9639,2.2145,2.3255,9.7742,0.7074,0.9514,https://data.stats.gov.cn/dg/website/page.html#/pc/national/fsYearData,2026-07-12
CN-510000-2016,2016,510000,四川省,79513,2066,76619,744,519200,375400,132000,495800,185400,207600,82510000,6.2926,2.247,2.5161,9.6368,0.723,0.9636,https://data.stats.gov.cn/dg/website/page.html#/pc/national/fsYearData,2026-07-12
CN-510000-2017,2017,510000,四川省,80481,2219,77487,708,563500,411900,139400,530300,194900,228500,82890000,6.7982,2.3513,2.7567,9.7094,0.731,0.9628,https://data.stats.gov.cn/dg/website/page.html#/pc/national/fsYearData,2026-07-12
CN-510000-2018,2018,510000,四川省,81537,2344,78427,697,598900,442200,143800,562500,205000,247300,83210000,7.1975,2.4636,2.972,9.7989,0.7384,0.9619,https://data.stats.gov.cn/dg/website/page.html#/pc/national/fsYearData,2026-07-12
CN-510000-2019,2019,510000,四川省,83756,2417,80500,716,631800,469800,148300,602400,221700,270500,83510000,7.5656,2.6548,3.2391,10.0295,0.7436,0.9611,https://data.stats.gov.cn/dg/website/page.html#/pc/national/fsYearData,2026-07-12
CN-510000-2020,2020,510000,四川省,82793,2435,79491,716,649800,484800,149600,632200,234500,285800,83710000,7.7625,2.8013,3.4142,9.8905,0.7461,0.9601,https://data.stats.gov.cn/dg/website/page.html#/pc/national/fsYearData,2026-07-12
CN-510000-2021,2021,510000,四川省,80249,2481,76875,703,662000,497500,148500,672700,250400,306700,83720000,7.9073,2.9909,3.6634,9.5854,0.7515,0.958,https://data.stats.gov.cn/dg/website/page.html#/pc/national/fsYearData,2026-07-12
CN-510000-2022,2022,510000,四川省,74041,2465,70671,686,683900,517000,151200,698200,258200,318300,83740000,8.1669,3.0834,3.8011,8.8418,0.756,0.9545,https://data.stats.gov.cn/dg/website/page.html#/pc/national/fsYearData,2026-07-12
CN-510000-2023,2023,510000,四川省,74975,2479,71581,677,708600,533200,158800,740400,279400,335500,83680000,8.468,3.3389,4.0093,8.9597,0.7525,0.9547,https://data.stats.gov.cn/dg/website/page.html#/pc/national/fsYearData,2026-07-12
CN-520000-2014,2014,520000,贵州省,28995,1067,26432,1464,182200,135600,41700,170000,57800,67200,36770000,4.9551,1.5719,1.8276,7.8855,0.7442,0.9116,https://data.stats.gov.cn/dg/website/page.html#/pc/national/fsYearData,2026-07-12
CN-520000-2015,2015,520000,贵州省,28712,1188,26175,1318,196400,148100,42100,187300,63400,76000,37080000,5.2967,1.7098,2.0496,7.7433,0.7541,0.9116,https://data.stats.gov.cn/dg/website/page.html#/pc/national/fsYearData,2026-07-12
CN-520000-2016,2016,520000,贵州省,28017,1220,26172,597,210300,159100,43800,204600,69000,86000,37580000,5.5961,1.8361,2.2885,7.4553,0.7565,0.9341,https://data.stats.gov.cn/dg/website/page.html#/pc/national/fsYearData,2026-07-12
CN-520000-2017,2017,520000,贵州省,28034,1270,26378,356,233000,178300,46200,225900,75500,98000,38030000,6.1267,1.9853,2.5769,7.3715,0.7652,0.9409,https://data.stats.gov.cn/dg/website/page.html#/pc/national/fsYearData,2026-07-12
CN-520000-2018,2018,520000,贵州省,28066,1309,26374,343,245600,189200,47900,245500,81500,109100,38220000,6.426,2.1324,2.8545,7.3433,0.7704,0.9397,https://data.stats.gov.cn/dg/website/page.html#/pc/national/fsYearData,2026-07-12
CN-520000-2019,2019,520000,贵州省,28511,1340,26806,327,265000,205800,50400,267600,89800,121400,38480000,6.8867,2.3337,3.1549,7.4093,0.7766,0.9402,https://data.stats.gov.cn/dg/website/page.html#/pc/national/fsYearData,2026-07-12
CN-520000-2020,2020,520000,贵州省,28880,1378,27138,322,276400,213000,54100,287800,97500,131500,38580000,7.1643,2.5272,3.4085,7.4857,0.7706,0.9397,https://data.stats.gov.cn/dg/website/page.html#/pc/national/fsYearData,2026-07-12
CN-520000-2021,2021,520000,贵州省,29292,1449,27465,328,296900,232100,54000,309400,105400,141700,38520000,7.7077,2.7362,3.6786,7.6044,0.7817,0.9376,https://data.stats.gov.cn/dg/website/page.html#/pc/national/fsYearData,2026-07-12
CN-520000-2022,2022,520000,贵州省,29150,1456,27294,344,309700,242000,56300,321400,109400,147100,38560000,8.0316,2.8371,3.8148,7.5596,0.7814,0.9363,https://data.stats.gov.cn/dg/website/page.html#/pc/national/fsYearData,2026-07-12
CN-520000-2023,2023,520000,贵州省,30695,1543,28750,333,315400,255500,48200,354800,126000,163700,38650000,8.1604,3.26,4.2354,7.9418,0.8101,0.9366,https://data.stats.gov.cn/dg/website/page.html#/pc/national/fsYearData,2026-07-12
CN-530000-2014,2014,530000,云南省,24281,1060,21835,1324,224900,169700,47900,208900,75400,82800,46530000,4.8334,1.6205,1.7795,5.2184,0.7546,0.8993,https://data.stats.gov.cn/dg/website/page.html#/pc/national/fsYearData,2026-07-12
CN-530000-2015,2015,530000,云南省,24181,1101,21833,1183,237600,181300,48900,228000,79600,93300,46630000,5.0954,1.7071,2.0009,5.1857,0.763,0.9029,https://data.stats.gov.cn/dg/website/page.html#/pc/national/fsYearData,2026-07-12
CN-530000-2016,2016,530000,云南省,24234,1187,22395,593,253600,194700,51200,249700,85900,106000,46770000,5.4223,1.8366,2.2664,5.1815,0.7677,0.9241,https://data.stats.gov.cn/dg/website/page.html#/pc/national/fsYearData,2026-07-12
CN-530000-2017,2017,530000,云南省,24684,1252,22868,524,274800,210800,55600,283900,93900,128500,46930000,5.8555,2.0009,2.7381,5.2597,0.7671,0.9264,https://data.stats.gov.cn/dg/website/page.html#/pc/national/fsYearData,2026-07-12
CN-530000-2018,2018,530000,云南省,24954,1280,23108,523,291200,223300,58900,301800,99700,136900,47030000,6.1918,2.1199,2.9109,5.306,0.7668,0.926,https://data.stats.gov.cn/dg/website/page.html#/pc/national/fsYearData,2026-07-12
CN-530000-2019,2019,530000,云南省,25587,1376,23638,526,311900,241300,60300,339700,114000,158500,47140000,6.6165,2.4183,3.3623,5.4279,0.7736,0.9238,https://data.stats.gov.cn/dg/website/page.html#/pc/national/fsYearData,2026-07-12
CN-530000-2020,2020,530000,云南省,26626,1445,24592,532,325200,252500,61900,366500,122600,173200,47220000,6.8869,2.5964,3.6679,5.6387,0.7764,0.9236,https://data.stats.gov.cn/dg/website/page.html#/pc/national/fsYearData,2026-07-12
CN-530000-2021,2021,530000,云南省,26885,1405,24869,544,330300,256100,62200,380700,125800,182600,46900000,7.0426,2.6823,3.8934,5.7324,0.7754,0.925,https://data.stats.gov.cn/dg/website/page.html#/pc/national/fsYearData,2026-07-12
CN-530000-2022,2022,530000,云南省,27528,1400,25512,548,341200,263400,65800,396300,132400,189900,46930000,7.2704,2.8212,4.0465,5.8658,0.772,0.9268,https://data.stats.gov.cn/dg/website/page.html#/pc/national/fsYearData,2026-07-12
CN-530000-2023,2023,530000,云南省,28765,1409,26745,539,359900,275800,71800,425200,146700,203600,46730000,7.7017,3.1393,4.3569,6.1556,0.7663,0.9298,https://data.stats.gov.cn/dg/website/page.html#/pc/national/fsYearData,2026-07-12
CN-540000-2014,2014,540000,西藏自治区,6795,112,6542,139,11900,8000,3400,12900,5600,2700,3250000,3.6615,1.7231,0.8308,20.9077,0.6723,0.9628,https://data.stats.gov.cn/dg/website/page.html#/pc/national/fsYearData,2026-07-12
CN-540000-2015,2015,540000,西藏自治区,6814,139,6531,142,14000,9900,3400,14300,6200,3200,3300000,4.2424,1.8788,0.9697,20.6485,0.7071,0.9585,https://data.stats.gov.cn/dg/website/page.html#/pc/national/fsYearData,2026-07-12
CN-540000-2016,2016,540000,西藏自治区,6835,145,6546,142,14500,10400,3300,14800,6500,3800,3400000,4.2647,1.9118,1.1176,20.1029,0.7172,0.9577,https://data.stats.gov.cn/dg/website/page.html#/pc/national/fsYearData,2026-07-12
CN-540000-2017,2017,540000,西藏自治区,6826,148,6533,143,16100,11700,3700,16500,7600,4500,3490000,4.6132,2.1777,1.2894,19.5587,0.7267,0.9571,https://data.stats.gov.cn/dg/website/page.html#/pc/national/fsYearData,2026-07-12
CN-540000-2018,2018,540000,西藏自治区,6844,158,6539,145,16800,12600,3800,19100,8300,5600,3540000,4.7458,2.3446,1.5819,19.3333,0.75,0.9554,https://data.stats.gov.cn/dg/website/page.html#/pc/national/fsYearData,2026-07-12
CN-540000-2019,2019,540000,西藏自治区,6940,156,6635,147,17100,12700,3800,20900,9300,6000,3610000,4.7368,2.5762,1.662,19.2244,0.7427,0.9561,https://data.stats.gov.cn/dg/website/page.html#/pc/national/fsYearData,2026-07-12
CN-540000-2020,2020,540000,西藏自治区,6939,172,6632,134,18600,14300,3900,22700,9500,6800,3660000,5.082,2.5956,1.8579,18.959,0.7688,0.9558,https://data.stats.gov.cn/dg/website/page.html#/pc/national/fsYearData,2026-07-12
CN-540000-2021,2021,540000,西藏自治区,6907,179,6600,127,19700,14800,4200,25600,10600,7800,3660000,5.3825,2.8962,2.1311,18.8716,0.7513,0.9556,https://data.stats.gov.cn/dg/website/page.html#/pc/national/fsYearData,2026-07-12
CN-540000-2022,2022,540000,西藏自治区,6906,182,6597,126,20000,15400,4200,26400,11100,8100,3640000,5.4945,3.0495,2.2253,18.9725,0.77,0.9553,https://data.stats.gov.cn/dg/website/page.html#/pc/national/fsYearData,2026-07-12
CN-540000-2023,2023,540000,西藏自治区,7058,190,6745,121,21600,17000,4300,29500,12300,9800,3650000,5.9178,3.3699,2.6849,19.337,0.787,0.9557,https://data.stats.gov.cn/dg/website/page.html#/pc/national/fsYearData,2026-07-12
CN-610000-2014,2014,610000,陕西省,37247,977,34202,1949,199400,154900,34900,252600,76500,97200,38270000,5.2103,1.999,2.5398,9.7327,0.7768,0.9182,https://data.stats.gov.cn/dg/website/page.html#/pc/national/fsYearData,2026-07-12
CN-610000-2015,2015,610000,陕西省,37030,1014,34098,1804,211900,167200,35600,265400,79500,104300,38460000,5.5096,2.0671,2.7119,9.6282,0.7891,0.9208,https://data.stats.gov.cn/dg/website/page.html#/pc/national/fsYearData,2026-07-12
CN-610000-2016,2016,610000,陕西省,36598,1085,34017,1390,225400,180300,36300,288600,85700,116800,38740000,5.8183,2.2122,3.015,9.4471,0.7999,0.9295,https://data.stats.gov.cn/dg/website/page.html#/pc/national/fsYearData,2026-07-12
CN-610000-2017,2017,610000,陕西省,35861,1150,33808,800,241300,193200,38800,310200,93200,127000,39040000,6.1808,2.3873,3.2531,9.1857,0.8007,0.9428,https://data.stats.gov.cn/dg/website/page.html#/pc/national/fsYearData,2026-07-12
CN-610000-2018,2018,610000,陕西省,35300,1175,33412,613,253700,204400,39900,328000,99000,138000,39310000,6.4538,2.5184,3.5106,8.9799,0.8057,0.9465,https://data.stats.gov.cn/dg/website/page.html#/pc/national/fsYearData,2026-07-12
CN-610000-2019,2019,610000,陕西省,35404,1208,33619,494,265800,215700,40100,353800,108700,150400,39440000,6.7394,2.7561,3.8134,8.9767,0.8115,0.9496,https://data.stats.gov.cn/dg/website/page.html#/pc/national/fsYearData,2026-07-12
CN-610000-2020,2020,610000,陕西省,34983,1218,33208,463,272400,219300,39900,363500,113900,155500,39550000,6.8875,2.8799,3.9317,8.8453,0.8051,0.9493,https://data.stats.gov.cn/dg/website/page.html#/pc/national/fsYearData,2026-07-12
CN-610000-2021,2021,610000,陕西省,34971,1270,33185,415,284500,233600,40500,368600,120600,159400,39540000,7.1952,3.0501,4.0314,8.8445,0.8211,0.9489,https://data.stats.gov.cn/dg/website/page.html#/pc/national/fsYearData,2026-07-12
CN-610000-2022,2022,610000,陕西省,34779,1280,32978,407,289600,238300,41200,378200,125600,163100,39560000,7.3205,3.1749,4.1229,8.7915,0.8229,0.9482,https://data.stats.gov.cn/dg/website/page.html#/pc/national/fsYearData,2026-07-12
CN-610000-2023,2023,610000,陕西省,35133,1292,33334,391,306200,252600,42800,391700,133300,169600,39520000,7.748,3.373,4.2915,8.8899,0.825,0.9488,https://data.stats.gov.cn/dg/website/page.html#/pc/national/fsYearData,2026-07-12
CN-620000-2014,2014,620000,甘肃省,27916,427,25254,2082,122400,90500,27600,126400,47700,45500,25310000,4.836,1.8846,1.7977,11.0296,0.7394,0.9046,https://data.stats.gov.cn/dg/website/page.html#/pc/national/fsYearData,2026-07-12
CN-620000-2015,2015,620000,甘肃省,27799,443,25459,1774,127700,94600,28700,129500,49600,47800,25230000,5.0614,1.9659,1.8946,11.0182,0.7408,0.9158,https://data.stats.gov.cn/dg/website/page.html#/pc/national/fsYearData,2026-07-12
CN-620000-2016,2016,620000,甘肃省,28197,446,25791,1844,134300,100600,28600,134600,52800,50500,25200000,5.3294,2.0952,2.004,11.1893,0.7491,0.9147,https://data.stats.gov.cn/dg/website/page.html#/pc/national/fsYearData,2026-07-12
CN-620000-2017,2017,620000,甘肃省,28857,526,26579,1639,146600,111200,30200,146900,56100,58400,25220000,5.8128,2.2244,2.3156,11.4421,0.7585,0.9211,https://data.stats.gov.cn/dg/website/page.html#/pc/national/fsYearData,2026-07-12
CN-620000-2018,2018,620000,甘肃省,27897,626,25785,1394,162700,126100,31000,157300,59600,64300,25150000,6.4692,2.3698,2.5567,11.0922,0.775,0.9243,https://data.stats.gov.cn/dg/website/page.html#/pc/national/fsYearData,2026-07-12
CN-620000-2019,2019,620000,甘肃省,26697,719,24761,1124,181200,142900,32200,178800,62800,79500,25090000,7.222,2.503,3.1686,10.6405,0.7886,0.9275,https://data.stats.gov.cn/dg/website/page.html#/pc/national/fsYearData,2026-07-12
CN-620000-2020,2020,620000,甘肃省,26204,705,24597,867,171900,132700,32900,181200,63500,81400,25010000,6.8733,2.539,3.2547,10.4774,0.772,0.9387,https://data.stats.gov.cn/dg/website/page.html#/pc/national/fsYearData,2026-07-12
CN-620000-2021,2021,620000,甘肃省,25759,699,24373,652,183200,142500,33100,201000,70600,91700,24900000,7.3574,2.8353,3.6827,10.345,0.7778,0.9462,https://data.stats.gov.cn/dg/website/page.html#/pc/national/fsYearData,2026-07-12
CN-620000-2022,2022,620000,甘肃省,25266,704,24072,463,188900,144500,35000,207200,72300,94700,24920000,7.5803,2.9013,3.8002,10.1388,0.765,0.9527,https://data.stats.gov.cn/dg/website/page.html#/pc/national/fsYearData,2026-07-12
CN-620000-2023,2023,620000,甘肃省,25375,737,24200,413,204000,156100,37700,221100,78000,100400,24650000,8.2759,3.1643,4.073,10.2941,0.7652,0.9537,https://data.stats.gov.cn/dg/website/page.html#/pc/national/fsYearData,2026-07-12
CN-630000-2014,2014,630000,青海省,6241,185,5878,174,33000,26900,5700,33900,13000,12800,5760000,5.7292,2.2569,2.2222,10.8351,0.8152,0.9418,https://data.stats.gov.cn/dg/website/page.html#/pc/national/fsYearData,2026-07-12
CN-630000-2015,2015,630000,青海省,6223,181,5860,178,34500,28300,5800,35400,13800,13200,5770000,5.9792,2.3917,2.2877,10.7851,0.8203,0.9417,https://data.stats.gov.cn/dg/website/page.html#/pc/national/fsYearData,2026-07-12
CN-630000-2016,2016,630000,青海省,6291,199,5908,180,34700,29200,5200,37000,13700,14400,5820000,5.9622,2.354,2.4742,10.8093,0.8415,0.9391,https://data.stats.gov.cn/dg/website/page.html#/pc/national/fsYearData,2026-07-12
CN-630000-2017,2017,630000,青海省,6375,212,5980,179,38300,32000,5800,41700,15500,16500,5860000,6.5358,2.6451,2.8157,10.8788,0.8355,0.938,https://data.stats.gov.cn/dg/website/page.html#/pc/national/fsYearData,2026-07-12
CN-630000-2018,2018,630000,青海省,6396,220,5994,178,39100,32500,6100,44600,16200,17600,5870000,6.661,2.7598,2.9983,10.8961,0.8312,0.9371,https://data.stats.gov.cn/dg/website/page.html#/pc/national/fsYearData,2026-07-12
CN-630000-2019,2019,630000,青海省,6513,220,6114,176,41400,34600,6400,47400,17400,18900,5900000,7.0169,2.9492,3.2034,11.039,0.8357,0.9387,https://data.stats.gov.cn/dg/website/page.html#/pc/national/fsYearData,2026-07-12
CN-630000-2020,2020,630000,青海省,6407,215,6018,172,41300,35300,5400,48900,18300,19700,5930000,6.9646,3.086,3.3221,10.8044,0.8547,0.9393,https://data.stats.gov.cn/dg/website/page.html#/pc/national/fsYearData,2026-07-12
CN-630000-2021,2021,630000,青海省,6408,222,6011,173,42200,35800,5700,51700,18800,21300,5940000,7.1044,3.165,3.5859,10.7879,0.8483,0.938,https://data.stats.gov.cn/dg/website/page.html#/pc/national/fsYearData,2026-07-12
CN-630000-2022,2022,630000,青海省,6376,212,5993,168,42900,36300,6000,52100,19000,21500,5950000,7.2101,3.1933,3.6134,10.716,0.8462,0.9399,https://data.stats.gov.cn/dg/website/page.html#/pc/national/fsYearData,2026-07-12
CN-630000-2023,2023,630000,青海省,6950,243,6536,168,45700,39000,5900,58000,21600,23700,5940000,7.6936,3.6364,3.9899,11.7003,0.8534,0.9404,https://data.stats.gov.cn/dg/website/page.html#/pc/national/fsYearData,2026-07-12
CN-640000-2014,2014,640000,宁夏回族自治区,4255,161,3918,166,32500,28500,3100,39800,15000,15100,6780000,4.7935,2.2124,2.2271,6.2758,0.8769,0.9208,https://data.stats.gov.cn/dg/website/page.html#/pc/national/fsYearData,2026-07-12
CN-640000-2015,2015,640000,宁夏回族自治区,4288,168,3981,129,33800,29600,3200,41500,15900,16100,6840000,4.9415,2.3246,2.3538,6.269,0.8757,0.9284,https://data.stats.gov.cn/dg/website/page.html#/pc/national/fsYearData,2026-07-12
CN-640000-2016,2016,640000,宁夏回族自治区,4254,190,3968,85,36300,32000,3200,44700,17100,18100,6950000,5.223,2.4604,2.6043,6.1209,0.8815,0.9328,https://data.stats.gov.cn/dg/website/page.html#/pc/national/fsYearData,2026-07-12
CN-640000-2017,2017,640000,宁夏回族自治区,4271,209,3966,86,39800,34800,3700,49700,18200,21600,7050000,5.6454,2.5816,3.0638,6.0582,0.8744,0.9286,https://data.stats.gov.cn/dg/website/page.html#/pc/national/fsYearData,2026-07-12
CN-640000-2018,2018,640000,宁夏回族自治区,4450,231,4121,88,41000,35700,4000,53100,19400,23300,7100000,5.7746,2.7324,3.2817,6.2676,0.8707,0.9261,https://data.stats.gov.cn/dg/website/page.html#/pc/national/fsYearData,2026-07-12
CN-640000-2019,2019,640000,宁夏回族自治区,4397,219,4077,90,41000,35400,4100,55400,20800,24300,7170000,5.7183,2.901,3.3891,6.1325,0.8634,0.9272,https://data.stats.gov.cn/dg/website/page.html#/pc/national/fsYearData,2026-07-12
CN-640000-2020,2020,640000,宁夏回族自治区,4574,218,4247,94,41300,35600,4100,58600,22200,26000,7210000,5.7282,3.0791,3.6061,6.344,0.862,0.9285,https://data.stats.gov.cn/dg/website/page.html#/pc/national/fsYearData,2026-07-12
CN-640000-2021,2021,640000,宁夏回族自治区,4571,213,4242,95,41200,35700,3900,60600,22500,27300,7250000,5.6828,3.1034,3.7655,6.3048,0.8665,0.928,https://data.stats.gov.cn/dg/website/page.html#/pc/national/fsYearData,2026-07-12
CN-640000-2022,2022,640000,宁夏回族自治区,4607,211,4277,99,41800,36300,4000,61800,22700,28100,7280000,5.7418,3.1181,3.8599,6.3283,0.8684,0.9284,https://data.stats.gov.cn/dg/website/page.html#/pc/national/fsYearData,2026-07-12
CN-640000-2023,2023,640000,宁夏回族自治区,4863,220,4514,104,43500,37400,4400,65700,24300,30000,7290000,5.9671,3.3333,4.1152,6.6708,0.8598,0.9282,https://data.stats.gov.cn/dg/website/page.html#/pc/national/fsYearData,2026-07-12
CN-650000-2014,2014,650000,新疆维吾尔自治区,18873,878,17178,801,143000,112400,27700,153400,54800,59800,23250000,6.1505,2.357,2.572,8.1174,0.786,0.9102,https://data.stats.gov.cn/dg/website/page.html#/pc/national/fsYearData,2026-07-12
CN-650000-2015,2015,650000,新疆维吾尔自治区,18798,914,17075,802,150300,118000,29000,161800,57300,63900,23850000,6.3019,2.4025,2.6792,7.8818,0.7851,0.9083,https://data.stats.gov.cn/dg/website/page.html#/pc/national/fsYearData,2026-07-12
CN-650000-2016,2016,650000,新疆维吾尔自治区,18825,919,17124,775,156900,123200,30700,171000,60300,67600,24280000,6.4621,2.4835,2.7842,7.7533,0.7852,0.9096,https://data.stats.gov.cn/dg/website/page.html#/pc/national/fsYearData,2026-07-12
CN-650000-2017,2017,650000,新疆维吾尔自治区,18724,919,17059,737,167600,131200,33100,174100,62300,70600,24800000,6.7581,2.5121,2.8468,7.55,0.7828,0.9111,https://data.stats.gov.cn/dg/website/page.html#/pc/national/fsYearData,2026-07-12
CN-650000-2018,2018,650000,新疆维吾尔自治区,18450,907,16833,697,178900,141800,33800,176400,63300,72300,25200000,7.0992,2.5119,2.869,7.3214,0.7926,0.9124,https://data.stats.gov.cn/dg/website/page.html#/pc/national/fsYearData,2026-07-12
CN-650000-2019,2019,650000,新疆维吾尔自治区,18376,917,16851,591,186400,144700,38500,185900,67900,77300,25590000,7.2841,2.6534,3.0207,7.1809,0.7763,0.917,https://data.stats.gov.cn/dg/website/page.html#/pc/national/fsYearData,2026-07-12
CN-650000-2020,2020,650000,新疆维吾尔自治区,18158,917,16671,556,181500,145000,33000,190900,69300,80700,25900000,7.0077,2.6757,3.1158,7.0108,0.7989,0.9181,https://data.stats.gov.cn/dg/website/page.html#/pc/national/fsYearData,2026-07-12
CN-650000-2021,2021,650000,新疆维吾尔自治区,16970,924,15528,499,186100,142200,39900,200300,70600,85400,25890000,7.1881,2.7269,3.2986,6.5547,0.7641,0.915,https://data.stats.gov.cn/dg/website/page.html#/pc/national/fsYearData,2026-07-12
CN-650000-2022,2022,650000,新疆维吾尔自治区,16999,929,15578,467,179600,143900,32600,208100,70600,89000,25870000,6.9424,2.729,3.4403,6.5709,0.8012,0.9164,https://data.stats.gov.cn/dg/website/page.html#/pc/national/fsYearData,2026-07-12
CN-650000-2023,2023,650000,新疆维吾尔自治区,18416,987,16958,445,197500,157100,36700,235700,78500,101700,25980000,7.602,3.0216,3.9145,7.0885,0.7954,0.9208,https://data.stats.gov.cn/dg/website/page.html#/pc/national/fsYearData,2026-07-12
